name,source,cvd_safe,pick,note,colours,lines,planes,nice_n
Archambault,MetBrewer,true,false,"",#381A61 #F9D14A #AB3329 #88A0DC #E78429 #ED968C #7C4B73,,,
Egypt,MetBrewer,true,true,"",#DD5129 #0F7BA2 #43B284 #FAB255,,,
Hiroshige,MetBrewer,true,true,"",#AADCE0 #EF8A47 #376795 #F7AA58 #72BCD5 #FFE6B7 #E76254 #1E466E #FFD06F #528FAD,,,
Java,MetBrewer,true,true,"",#663171 #E2998A #CF3A36 #0C7156 #EA7428,,,
Johnson,MetBrewer,true,false,"",#F6C200 #A00E00 #0086A8 #D04E00 #132B69,,,
Juarez,MetBrewer,false,false,"",#A82203 #208CC0 #F1AF3A #CF5E4E #637B31 #003967,,,
Lakota,MetBrewer,false,false,"",#04A3BD #F0BE3D #931E18 #DA7901 #247D3F #20235B,,,
Klimt,MetBrewer,false,false,"",#3C4B99 #C93F55 #EACC62 #469D76 #924099 #DF9ED4,,,
Renoir,MetBrewer,false,true,"",#2F357C #B0799A #E69B00 #355828 #6C5D9E #BF3729 #E48171 #F5BB50 #9D9CD5 #17154F #F6B3B0 #ADA43B,,,
Signac,MetBrewer,false,false,"",#2B9B81 #FE9B00 #F4C40F #FBE183 #633372 #9B3441 #E6A2A6 #92C051 #1F6E9C #9F5691 #E87B89 #D8443C #DE597C #AA7AA1,,,
Tam,MetBrewer,true,false,"",#EF8737 #341648 #FFD353 #9F2D55 #FFB242 #62205F #DE4F33 #BB292C,,,
Thomas,MetBrewer,false,true,"",#4457A5 #C44D76 #7CAF5C #59386C #B24422 #13315F #447861 #B1A1CC,,,
Tiepolo,MetBrewer,false,false,"",#802417 #C06636 #17486F #E8B960 #CE9344 #646E3B #508EA2 #2B5851,,,
VanGogh2,MetBrewer,false,true,"",#BD3106 #5B7314 #454B87 #D9700E #89A6BB #EEBE04 #C3D6CE #E9A00E,,,
Veronese,MetBrewer,true,false,"",#2C6B67 #67322E #122C43 #99610A #C38F16 #175449 #6E948C,,,
Nizami,MetBrewer,false,true,"",#8CC8BC #B83326 #7DA7EA #1D4497 #C8570D #5773C0 #EDB144 #DD7867,,,
Cross,MetBrewer,false,true,good muted one,#EB7926 #62929A #C969A1 #004F63 #CE4441 #859B6C #EE8577 #FFBB44 #122451,,,
Derain,MetBrewer,true,true,"",#AAB5D5 #97C684 #808FE1 #454A74 #EFC86E #6F9969 #5C66A8,,,
Isfahan1,MetBrewer,true,true,"",#4FB6CA #845D29 #054544 #E3C28B #178F92 #4E3910 #175F5D #AE8548,,,
Isfahan2,MetBrewer,true,true,"",#34B6C6 #DDC000 #79AD41 #4063A3 #D7ACA1,,,
Hokusai1,MetBrewer,false,true,"",#B75347 #224B5E #E09351 #94B594 #EDC775 #6D2F20 #DF7E66,,,
Hokusai3,MetBrewer,true,true,"",#5A97C1 #95C36E #295384 #74C8C3 #D8D97A #0A2E57,,,
Homer2,MetBrewer,false,true,"",#F9C53B #BF3626 #AEAC4C #165D43 #E9851D #788F33,,,
Peru1,MetBrewer,false,true,"",#1C9D7C #B5361C #369CC9 #E35E28 #31C7BA #3A507F,,,
Redon,MetBrewer,false,true,"",#5B859E #1E395F #75884B #1E5A46 #DF8D71 #AF4F2F #D48F90 #732F30 #AB84A5 #59385C #D8B847 #B38711,,,
Austria,MetBrewer,false,false,"",#A40000 #16317D #007E2F #FFCD12 #721B3E #B86092 #00B7A7,,,
Kandinsky,MetBrewer,true,true,"",#3B7C70 #CE9642 #898E9F #3B3A3E,,,
Demuth,MetBrewer,true,true,"",#41485F #F7C267 #591C19 #8B8B99 #B64F32 #D39A2D #5D6174 #9B332B #B9B9B8 #262D42,,,
Troy,MetBrewer,true,true,"",#6C1D0E #235070 #C27668 #7BA0B4 #421401 #0A2D46 #8B3A2B #44728C,,,
Cassatt1,MetBrewer,true,true,"",#E3ABA7 #9D9DC7 #B1615C #5A5A83 #EDD7D9 #C9C9DD #D88782 #8282AA,,,
Morgenstern,MetBrewer,true,true,"",#DB8872 #FFC680 #A56457 #DFBBC8 #FFB178 #C7A2B6 #B08BA5 #98768E,,,
Degas,MetBrewer,false,true,"",#418979 #96410E #591D06 #E5A335 #556219 #053C29 #2B614E,,,
Paquin,MetBrewer,false,true,"",#47632A #F7DEA3 #831818 #98AB76 #F78462 #F05B43 #FEAC81 #748F46 #C62320 #CED1AF #275024,,,
Tara,MetBrewer,false,true,"",#EAB1C6 #E18A1F #D35E17 #829D44 #E9B109,,,
Manet,MetBrewer,false,true,"",#225E92 #D29C44 #43429B #EBC174 #4585B7 #183571 #5E65BE #80521C #7EC5F4 #3B2319 #EDE2CC,,,
Monet,MetBrewer,false,true,larger surfaces only,#749E89 #C399A2 #7D87B2 #ABCCBE #E3CACF #C2CAE3 #4E6D58 #9F6E71 #41507B,,,
Pissaro,MetBrewer,false,true,"",#1A5270 #4C825D #8DC7DC #134130 #0E2A4D #508CA7 #8CAE9E,,,
Gauguin,MetBrewer,false,false,"",#811E18 #4C6216 #C88A2C #9E4013 #B04948 #1A472A,,,
Ingres,MetBrewer,true,true,"",#2E77AB #D1B252 #18527E #A97F2F #06314E #7E5522 #041D2C #472C0B,,,
OKeeffe1,MetBrewer,true,true,on black backgrounds,#7DB0EA #F6F2EE #6B200C #EE956A #225BB2 #DA6C42 #133E7E #FBC2A9 #973D21 #BAD6F9 #447FDD,,,
Homer1,MetBrewer,false,true,"",#C3F4F6 #DF7700 #A62F00 #6AD5E8 #F5B642 #32B2DA #FFF179 #551F00,,,
Peru2,MetBrewer,false,true,"",#F19425 #65150B #C0431F #C59349 #961F1F #533D14,,,
PNW Bay,PNWColors,false,true,"",#ED8B00 #00496F #EDD746 #DD4124 #0F85A0,,,
PNW Sunset2,PNWColors,false,true,"",#F2AF4A #1D457F #61599D #EB7F54 #C36377,,,
PNW Starfish,PNWColors,false,true,very lifeless,#E69B99 #59629B #89689D #2C6184 #24492E #BA7999 #015B58,,,
PNW Sailboat,PNWColors,false,true,larger areas,#6E7CB9 #F5DB99 #D2848D #7BBCD5 #E89C81 #D0E2AF,,,
PNW Cascades,PNWColors,false,true,"",#E2E260 #2D4030 #677E8E #516823 #88A2B9 #DEC000,,,
PNW Sunset,PNWColors,false,true,quite muted,#9E6374 #DE9B71 #41476B #FBDFA2 #C67B6F #EFBC82 #675478,,,
PNW Lake,PNWColors,false,true,not very legible in most settings,#4A9152 #EEF3FF #CDE5F9 #54450F #85B6CE #362904 #45681E #64A8A8,,,
PNW Shuksan2,PNWColors,false,true,"",#B0CBE7 #EBA07E #5D74A5 #A8554E #FEF7C7,,,
PNW Anemone,PNWColors,false,true,summery,#72E1E1 #EFDDCF #009474 #B0986C #11C2B5 #DCBE9B #F1F4EE,,,
Tol bright,Paul Tol,true,false,"",#4477AA #EE6677 #228833 #CCBB44 #66CCEE #AA3377 #BBBBBB,,,
Tol muted,Paul Tol,true,false,"",#CC6677 #332288 #DDCC77 #117733 #88CCEE #882255 #44AA99 #999933 #AA4499,,,
Tol vibrant,Paul Tol,true,true,"",#EE7733 #0077BB #33BBEE #EE3377 #CC3311 #009988 #BBBBBB,,,
Tol light,Paul Tol,true,true,"",#77AADD #EE8866 #EEDD88 #FFAABB #99DDFF #44BB99 #BBCC33 #AAAA00 #DDDDDD,,,
Okabe-Ito,Okabe & Ito 2008,true,true,"",#E69F00 #56B4E9 #009E73 #F0E442 #0072B2 #D55E00 #CC79A7,,,
Set2,ColorBrewer,false,true,biosynfoni KDE / fingerprint colours (first four),#66C2A5 #FC8D62 #8DA0CB #E78AC3 #A6D854 #FFD92F #E5C494 #B3B3B3,,,
Carto Bold,CARTOColors,false,false,"",#7F3C8D #11A579 #3969AC #F2B701 #E73F74 #80BA5A #E68310 #008695 #CF1C90 #F97B72,,,
Carto Prism,CARTOColors,false,false,"",#5F4690 #1D6996 #38A6A5 #0F8554 #73AF48 #EDAD08 #E17C05 #CC503E #94346E #6F4070,,,
Carto Safe,CARTOColors,true,true,"",#88CCEE #CC6677 #DDCC77 #117733 #332288 #AA4499 #44AA99 #999933 #882255 #661100,,,
Carto Antique,CARTOColors,false,true,"",#855C75 #D9AF6B #AF6458 #736F4C #526A83 #625377 #68855C #9C9C5E #A06177 #8C785D,,,
Carto Vivid,CARTOColors,false,true,standard when vivid is required,#E58606 #5D69B1 #52BCA3 #99C945 #CC61B0 #24796C #DAA51B #2F8AC4 #764E9F #ED645A,,,
Carto Pastel,CARTOColors,false,true,"",#66C5CC #F6CF71 #F89C74 #DCB0F2 #87C55F #9EB9F3 #FE88B1 #C9DB74 #8BE0A4 #B497E7,,,
seaborn deep,seaborn,false,true,"",#4C72B0 #DD8452 #55A868 #C44E52 #8172B3 #937860 #DA8BC3 #8C8C8C #CCB974 #64B5CD,,,
seaborn muted,seaborn,false,true,"",#4878D0 #EE854A #6ACC64 #D65F5F #956CB4 #8C613C #DC7EC0 #797979 #D5BB67 #82C6E2,,,
seaborn colorblind,seaborn,true,true,"",#0173B2 #DE8F05 #029E73 #D55E00 #CC78BC #CA9161 #FBAFE4 #949494 #ECE133 #56B4E9,,,
Observable 10,Observable Plot,false,false,"",#4269D0 #EFB118 #FF725C #6CC5B0 #3CA951 #FF8AB7 #A463F2 #97BBF5 #9C6B4E #9498A0,,,
Tableau 10,Tableau,false,true,"",#4E79A7 #F28E2B #E15759 #76B7B2 #59A14F #EDC948 #B07AA1 #FF9DA7 #9C755F #BAB0AC,,,
Nord,Nord,false,true,"",#5E81AC #BF616A #A3BE8C #D08770 #B48EAD #EBCB8B #88C0D0,,,
Catppuccin Macchiato,Catppuccin,false,true,"",#8AADF4 #ED8796 #A6DA95 #F5A97F #C6A0F6 #EED49F #8BD5CA,,,
ggsci NPG,ggsci,false,true,"",#E64B35 #4DBBD5 #00A087 #3C5488 #F39B7F #8491B4 #91D1C2 #DC0000,,,
Wes Zissou1,wesanderson (R),false,true,"",#3B9AB2 #78B7C5 #EBCC2A #E1AF00 #F21A00,,,
Wes Darjeeling1,wesanderson (R),false,true,"",#FF0000 #00A08A #F2AD00 #F98400 #5BBCD6,,,
Wes Moonrise3,wesanderson (R),false,true,"",#85D4E3 #F4B5BD #9C964A #CDC08C #FAD77B,,,
Wes Royal1,wesanderson (R),false,true,"",#899DA4 #C93312 #FAEFD1 #DC863B,,,
Wes GrandBudapest2,wesanderson (R),false,true,"",#E6A0C4 #C6CDF7 #D8A499 #7294D4,,,
Wes FantasticFox1,wesanderson (R),false,true,"",#DD8D29 #E2D200 #46ACC8 #E58601 #B40F20,,,
Wes Rushmore1,wesanderson (R),false,false,"",#E1BD6D #EABE94 #0B775E #35274A #F2300F,,,
Wes BottleRocket2,wesanderson (R),false,false,"",#FAD510 #CB2314 #273046 #354823 #1E1E1E,,,
biosynfoni,biosynfoni,false,false,"",#B9C311 #9BC2BA #CFC0D6 #FFAD61 #EB6737 #B4CAD8 #FFEAA0 #FFC4CE,,,
seaborn pastel,seaborn,false,true,"",#A1C9F4 #FFB482 #8DE5A1 #FF9F9B #D0BBFF #DEBB9B #FAB0E4 #CFCFCF #FFFEA3 #B9F2F0,,,
seaborn bright,seaborn,false,true,"",#023EFF #FF7C00 #1AC938 #E8000B #8B2BE2 #9F4800 #F14CC1 #A3A3A3 #FFC400 #00D7FF,,,
seaborn dark,seaborn,false,true,"",#001C7F #B1400D #12711C #8C0800 #591E71 #592F0D #A23582 #3C3C3C #B8850A #006374,,,
