name,n_colours,hue_names,distinct_hue_names,distinct_n,google_like,blue_orange_start,schemes_by_n,warm,cold,contrast,mood,L_mean,L_std,C_mean,C_std,min_hue_gap
Archambault,7,darkpurple lightyellow red blue orange red magenta,false,5,false,false,2:analogous 3:analogous 4:tetradic 5:tetradic 6:tetradic 7:tetradic,0.57,0.43,0.098,calm,0.62,0.182,0.125,0.029,1.802
Egypt,4,red blue green lightorange,true,4,false,false,2:complementary 3:split-complementary 4:tetradic,0.5,0.5,0.19,vivid,0.667,0.099,0.137,0.029,34.439
Hiroshige,10,lightcyan orange blue orange cyan lightyellow red darkblue lightyellow blue,false,3,false,false,2:complementary 3:split-complementary 4:tetradic 5:tetradic 6:tetradic 7:tetradic 8:tetradic 9:tetradic 10:tetradic,0.5,0.5,0.076,calm,0.713,0.164,0.103,0.036,0.665
Java,5,darkmagenta red red green orange,false,2,false,false,2:analogous 3:analogous 4:split-complementary 5:split-complementary,0.6,0.4,0.107,calm,0.582,0.125,0.132,0.039,5.491
Johnson,5,lightyellow darkred cyan orange darkblue,true,5,false,false,2:analogous 3:split-complementary 4:split-complementary 5:tetradic,0.6,0.4,0.148,vivid,0.553,0.174,0.149,0.032,11.636
Juarez,6,red blue orange red green darkblue,false,3,false,false,2:analogous 3:split-complementary 4:split-complementary 5:tetradic 6:tetradic,0.5,0.5,0.145,calm,0.564,0.14,0.132,0.027,2.994
Lakota,6,cyan lightyellow darkred orange green darkblue,true,6,false,false,2:analogous 3:split-complementary 4:split-complementary 5:tetradic 6:polychromatic,0.5,0.5,0.171,calm,0.567,0.174,0.134,0.022,27.101
Klimt,6,darkblue red lightyellow green magenta magenta,false,5,true,false,2:analogous 3:split-complementary 4:tetradic 5:polychromatic 6:polychromatic,0.33,0.67,0.148,calm,0.632,0.143,0.133,0.026,8.184
Renoir,12,darkblue magenta orange darkgreen purple red red lightyellow purple darkblue lightred yellow,false,6,false,false,2:analogous 3:split-complementary 4:tetradic 5:tetradic 6:polychromatic 7:polychromatic 8:polychromatic 9:polychromatic 10:polychromatic 11:polychromatic 12:polychromatic,0.58,0.42,0.084,calm,0.605,0.179,0.114,0.03,0.455
Signac,14,cyan orange lightyellow lightyellow darkmagenta red red green blue magenta red red red magenta,false,3,false,false,2:analogous 3:analogous 4:analogous 5:split-complementary 6:tetradic 7:tetradic 8:tetradic 9:polychromatic 10:polychromatic 11:polychromatic 12:polychromatic 13:polychromatic 14:polychromatic,0.57,0.43,0.074,calm,0.659,0.138,0.132,0.033,1.399
Tam,8,orange darkpurple lightyellow red lightorange darkmagenta red red,false,4,false,false,2:analogous 3:analogous 4:analogous 5:analogous 6:analogous 7:analogous 8:analogous,0.75,0.25,0.078,vivid,0.586,0.201,0.149,0.028,7.629
Thomas,8,blue red green darkpurple red darkblue green purple,false,4,false,false,2:analogous 3:triadic 4:tetradic 5:tetradic 6:tetradic 7:tetradic 8:tetradic,0.25,0.75,0.11,dark,0.536,0.131,0.109,0.034,10.271
Tiepolo,8,darkred orange darkblue lightyellow orange yellow cyan darkcyan,false,4,false,false,2:monochromatic 3:analogous 4:split-complementary 5:split-complementary 6:tetradic 7:polychromatic 8:polychromatic,0.5,0.5,0.085,muted,0.559,0.142,0.097,0.029,10.055
VanGogh2,8,red green darkblue orange blue lightyellow grey orange,false,4,false,false,2:analogous 3:triadic 4:triadic 5:triadic 6:tetradic 7:tetradic 8:tetradic,0.57,0.43,0.076,calm,0.632,0.131,0.133,0.045,14.572
Veronese,7,cyan darkred darkblue orange yellow darkcyan cyan,false,5,false,false,2:complementary 3:split-complementary 4:tetradic 5:tetradic 6:tetradic 7:tetradic,0.43,0.57,0.083,dark,0.489,0.132,0.079,0.031,2.013
Nizami,8,cyan red blue darkblue orange blue yellow red,false,3,false,false,2:complementary 3:split-complementary 4:split-complementary 5:split-complementary 6:split-complementary 7:tetradic 8:tetradic,0.5,0.5,0.084,calm,0.636,0.127,0.13,0.031,1.114
Cross,9,orange cyan magenta darkcyan red green red lightorange darkblue,false,3,false,false,2:complementary 3:split-complementary 4:split-complementary 5:split-complementary 6:tetradic 7:tetradic 8:polychromatic 9:polychromatic,0.56,0.44,0.075,calm,0.605,0.162,0.116,0.043,3.185
Derain,7,blue green blue darkblue lightyellow green blue,false,2,false,false,2:analogous 3:analogous 4:analogous 5:split-complementary 6:split-complementary 7:split-complementary,0.14,0.86,0.113,muted,0.667,0.139,0.093,0.025,0.992
Isfahan1,8,cyan orange darkcyan lightyellow cyan darkyellow darkcyan orange,false,2,false,false,2:analogous 3:analogous 4:analogous 5:analogous 6:analogous 7:analogous 8:analogous,0.5,0.5,0.089,muted,0.557,0.161,0.08,0.015,0.655
Isfahan2,5,cyan lightyellow green blue red,true,5,false,false,2:analogous 3:analogous 4:tetradic 5:polychromatic,0.4,0.6,0.151,calm,0.699,0.106,0.118,0.039,32.951
Hokusai1,7,red darkblue orange green lightyellow darkred red,false,5,false,false,2:complementary 3:split-complementary 4:tetradic 5:tetradic 6:tetradic 7:tetradic,0.71,0.29,0.063,muted,0.622,0.165,0.1,0.029,0.008
Hokusai3,6,blue green darkblue cyan lightyellow darkblue,false,2,false,false,2:analogous 3:analogous 4:analogous 5:tetradic 6:tetradic,0.17,0.83,0.108,muted,0.633,0.2,0.099,0.016,0.907
Homer2,6,lightyellow red yellow darkgreen orange green,false,2,false,false,2:analogous 3:analogous 4:analogous 5:analogous 6:analogous,0.67,0.33,0.118,vivid,0.644,0.136,0.136,0.032,14.065
Peru1,6,cyan red blue orange cyan darkblue,false,4,false,false,2:analogous 3:split-complementary 4:split-complementary 5:split-complementary 6:tetradic,0.33,0.67,0.122,calm,0.605,0.101,0.13,0.033,7.084
Redon,12,blue darkblue green darkgreen red red red darkred magenta darkmagenta yellow yellow,false,1,false,false,2:monochromatic 3:analogous 4:analogous 5:triadic 6:triadic 7:triadic 8:triadic 9:tetradic 10:tetradic 11:polychromatic 12:polychromatic,0.5,0.5,0.043,muted,0.57,0.142,0.093,0.026,0.934
Austria,7,red darkblue green lightyellow darkred magenta cyan,false,4,true,false,2:analogous 3:triadic 4:tetradic 5:tetradic 6:polychromatic 7:polychromatic,0.57,0.43,0.122,vivid,0.552,0.173,0.146,0.023,14.335
Kandinsky,4,cyan orange grey grey,false,3,false,false,2:analogous 3:analogous 4:analogous,0.5,0.5,0.132,muted,0.626,0.086,0.095,0.025,105.365
Demuth,10,grey lightyellow darkred grey red yellow grey red grey grey,false,3,false,false,2:monochromatic 3:analogous 4:analogous 5:analogous 6:analogous 7:analogous 8:analogous 9:analogous 10:analogous,1.0,0.0,0.085,calm,0.583,0.184,0.126,0.019,0.421
Troy,8,darkred darkblue red blue darkorange darkblue red blue,false,2,false,false,2:analogous 3:analogous 4:split-complementary 5:split-complementary 6:split-complementary 7:split-complementary 8:split-complementary,0.5,0.5,0.098,dark,0.455,0.146,0.082,0.023,0.52
Cassatt1,8,red purple red purple grey grey red purple,false,2,false,false,2:analogous 3:analogous 4:analogous 5:analogous 6:analogous 7:analogous 8:analogous,0.5,0.5,0.066,muted,0.65,0.1,0.076,0.019,0.226
Morgenstern,8,red lightorange red lightmagenta lightorange magenta magenta magenta,false,2,false,false,2:analogous 3:analogous 4:analogous 5:analogous 6:analogous 7:analogous 8:analogous,1.0,0.0,0.05,muted,0.729,0.1,0.078,0.028,0.053
Degas,7,cyan orange darkred orange yellow darkgreen darkgreen,false,3,false,false,2:complementary 3:complementary 4:split-complementary 5:tetradic 6:tetradic 7:tetradic,0.43,0.57,0.075,dark,0.483,0.142,0.096,0.028,3.924
Paquin,11,green lightyellow darkred green red red lightorange green red lightyellow darkgreen,false,3,false,false,2:analogous 3:analogous 4:analogous 5:analogous 6:analogous 7:analogous 8:analogous 9:analogous 10:analogous 11:analogous,0.64,0.36,0.072,calm,0.644,0.172,0.116,0.046,1.268
Tara,5,lightmagenta orange orange green yellow,false,2,false,false,2:analogous 3:analogous 4:tetradic 5:tetradic,0.8,0.2,0.099,calm,0.719,0.076,0.134,0.035,18.597
Manet,11,blue orange darkblue lightyellow blue darkblue blue orange blue darkorange grey,false,2,false,true,2:complementary 3:complementary 4:complementary 5:complementary 6:complementary 7:complementary 8:complementary 9:complementary 10:split-complementary 11:split-complementary,0.4,0.6,0.083,calm,0.55,0.176,0.105,0.026,1.762
Monet,9,green red blue lightgreen grey grey green red darkblue,false,3,false,false,2:analogous 3:triadic 4:triadic 5:triadic 6:triadic 7:triadic 8:triadic 9:triadic,0.29,0.71,0.051,muted,0.624,0.119,0.057,0.01,5.065
Pissaro,7,darkblue green cyan darkgreen darkblue blue green,false,3,false,false,2:analogous 3:analogous 4:analogous 5:analogous 6:analogous 7:analogous,0.0,1.0,0.095,dark,0.532,0.179,0.068,0.012,0.252
Gauguin,6,darkred green orange orange red darkgreen,false,3,false,false,2:analogous 3:analogous 4:analogous 5:analogous 6:analogous,0.67,0.33,0.066,dark,0.489,0.104,0.118,0.024,5.113
Ingres,8,blue yellow darkblue yellow darkblue orange darkblue darkorange,false,2,false,false,2:complementary 3:complementary 4:complementary 5:complementary 6:complementary 7:complementary 8:complementary,0.5,0.5,0.086,dark,0.462,0.172,0.086,0.025,0.72
OKeeffe1,11,blue grey darkred orange blue orange darkblue lightorange red lightblue blue,false,4,false,false,2:monochromatic 3:analogous 4:analogous 5:analogous 6:analogous 7:analogous 8:analogous 9:analogous 10:analogous 11:analogous,0.5,0.5,0.103,calm,0.618,0.179,0.117,0.031,0.253
Homer1,8,lightcyan orange red lightcyan lightyellow cyan lightyellow darkorange,false,3,false,false,2:analogous 3:split-complementary 4:split-complementary 5:split-complementary 6:split-complementary 7:split-complementary 8:split-complementary,0.62,0.38,0.108,calm,0.712,0.205,0.122,0.037,8.507
Peru2,6,orange darkred red orange darkred darkyellow,false,2,false,false,2:analogous 3:analogous 4:analogous 5:analogous 6:analogous,1.0,0.0,0.075,dark,0.525,0.155,0.128,0.036,4.429
PNW Bay,5,orange darkblue lightyellow red cyan,true,5,false,true,2:complementary 3:complementary 4:split-complementary 5:tetradic,0.6,0.4,0.16,vivid,0.631,0.162,0.142,0.041,21.213
PNW Sunset2,5,orange darkblue purple orange red,false,3,false,true,2:complementary 3:complementary 4:split-complementary 5:split-complementary,0.6,0.4,0.121,calm,0.605,0.144,0.124,0.016,29.308
PNW Starfish,7,red blue purple blue darkgreen magenta darkcyan,false,3,false,false,2:analogous 3:analogous 4:analogous 5:tetradic 6:tetradic 7:polychromatic,0.29,0.71,0.067,dark,0.538,0.126,0.082,0.01,32.124
PNW Sailboat,6,blue lightyellow red cyan orange lightgreen,true,6,false,false,2:complementary 3:split-complementary 4:tetradic 5:tetradic 6:polychromatic,0.5,0.5,0.052,muted,0.767,0.103,0.087,0.011,27.965
PNW Cascades,6,lightyellow grey grey green blue lightyellow,false,2,false,false,2:monochromatic 3:monochromatic 4:analogous 5:split-complementary 6:split-complementary,0.5,0.5,0.087,calm,0.72,0.152,0.115,0.048,11.342
PNW Sunset,7,red orange darkblue lightyellow red lightorange purple,false,4,false,false,2:monochromatic 3:analogous 4:split-complementary 5:split-complementary 6:split-complementary 7:tetradic,0.71,0.29,0.078,muted,0.657,0.171,0.082,0.015,16.556
PNW Lake,8,green grey grey darkyellow blue darkyellow green cyan,false,2,false,false,2:monochromatic 3:monochromatic 4:analogous 5:analogous 6:analogous 7:analogous 8:analogous,0.33,0.67,0.058,dark,0.531,0.162,0.081,0.024,4.229
PNW Shuksan2,5,lightblue orange blue red lightyellow,false,2,false,true,2:analogous 3:analogous 4:analogous 5:analogous,0.6,0.4,0.159,muted,0.736,0.162,0.081,0.023,15.263
PNW Anemone,7,lightcyan grey cyan yellow cyan lightorange grey,false,2,false,false,2:monochromatic 3:analogous 4:analogous 5:analogous 6:analogous 7:analogous,0.4,0.6,0.061,muted,0.736,0.091,0.094,0.027,9.134
Tol bright,7,blue red green yellow cyan magenta grey,true,7,true,false,2:analogous 3:triadic 4:tetradic 5:polychromatic 6:polychromatic 7:polychromatic,0.5,0.5,0.106,vivid,0.648,0.113,0.138,0.028,25.675
Tol muted,9,red darkpurple lightyellow green lightblue darkmagenta cyan yellow magenta,false,7,false,false,2:analogous 3:split-complementary 4:tetradic 5:polychromatic 6:polychromatic 7:polychromatic 8:polychromatic 9:polychromatic,0.44,0.56,0.129,calm,0.606,0.156,0.128,0.026,11.03
Tol vibrant,7,orange blue blue red red cyan grey,false,2,false,true,2:analogous 3:split-complementary 4:split-complementary 5:split-complementary 6:split-complementary 7:split-complementary,0.5,0.5,0.129,vivid,0.632,0.07,0.161,0.039,13.741
Tol light,9,blue red lightyellow lightred lightblue cyan lightyellow yellow grey,false,3,false,false,2:analogous 3:split-complementary 4:split-complementary 5:tetradic 6:polychromatic 7:polychromatic 8:polychromatic 9:polychromatic,0.5,0.5,0.089,pastel,0.784,0.068,0.12,0.028,6.166
Okabe-Ito,7,orange blue green lightyellow blue orange magenta,false,4,false,true,2:complementary 3:split-complementary 4:split-complementary 5:split-complementary 6:tetradic 7:polychromatic,0.57,0.43,0.156,vivid,0.692,0.11,0.142,0.022,7.872
Set2,8,cyan orange blue magenta lightgreen lightyellow lightorange grey,false,6,false,false,2:analogous 3:triadic 4:tetradic 5:tetradic 6:polychromatic 7:polychromatic 8:polychromatic,0.57,0.43,0.09,pastel,0.787,0.06,0.123,0.041,18.422
Carto Bold,10,magenta green blue lightyellow red green orange cyan magenta red,false,5,false,false,2:complementary 3:split-complementary 4:tetradic 5:polychromatic 6:polychromatic 7:polychromatic 8:polychromatic 9:polychromatic 10:polychromatic,0.5,0.5,0.092,vivid,0.638,0.1,0.155,0.037,18.752
Carto Prism,10,purple blue cyan green green yellow orange red magenta darkmagenta,false,4,false,false,2:analogous 3:analogous 4:tetradic 5:tetradic 6:polychromatic 7:polychromatic 8:polychromatic 9:polychromatic 10:polychromatic,0.4,0.6,0.059,calm,0.585,0.111,0.131,0.026,20.322
Carto Safe,10,lightblue red lightyellow green darkpurple magenta cyan yellow darkmagenta darkred,false,7,true,false,2:complementary 3:split-complementary 4:tetradic 5:polychromatic 6:polychromatic 7:polychromatic 8:polychromatic 9:polychromatic 10:polychromatic,0.5,0.5,0.129,calm,0.579,0.169,0.127,0.025,11.03
Carto Antique,10,magenta yellow red yellow blue purple green yellow magenta orange,false,3,false,false,2:analogous 3:analogous 4:analogous 5:tetradic 6:tetradic 7:polychromatic 8:polychromatic 9:polychromatic 10:polychromatic,0.7,0.3,0.052,muted,0.583,0.083,0.071,0.019,3.578
Carto Vivid,10,orange blue cyan green magenta cyan yellow blue purple red,false,5,false,true,2:complementary 3:split-complementary 4:tetradic 5:polychromatic 6:polychromatic 7:polychromatic 8:polychromatic 9:polychromatic 10:polychromatic,0.4,0.6,0.074,vivid,0.646,0.093,0.136,0.029,5.4
Carto Pastel,10,cyan lightyellow orange lightpurple green blue magenta lightyellow lightgreen purple,false,7,false,false,2:analogous 3:split-complementary 4:tetradic 5:polychromatic 6:polychromatic 7:polychromatic 8:polychromatic 9:polychromatic 10:polychromatic,0.3,0.7,0.067,pastel,0.797,0.043,0.119,0.02,14.008
seaborn deep,10,blue orange green red purple orange magenta grey yellow cyan,false,5,false,true,2:analogous 3:triadic 4:triadic 5:triadic 6:tetradic 7:polychromatic 8:polychromatic 9:polychromatic 10:polychromatic,0.56,0.44,0.068,calm,0.659,0.078,0.106,0.028,14.372
seaborn muted,10,blue orange green red purple orange magenta grey yellow cyan,false,5,false,true,2:analogous 3:triadic 4:triadic 5:tetradic 6:polychromatic 7:polychromatic 8:polychromatic 9:polychromatic 10:polychromatic,0.56,0.44,0.089,calm,0.681,0.092,0.126,0.031,12.522
seaborn colorblind,10,blue orange green orange magenta orange lightmagenta grey lightyellow blue,false,3,false,true,2:complementary 3:split-complementary 4:tetradic 5:polychromatic 6:polychromatic 7:polychromatic 8:polychromatic 9:polychromatic 10:polychromatic,0.56,0.44,0.064,vivid,0.705,0.104,0.135,0.026,4.007
Observable 10,10,blue yellow red cyan green magenta purple blue orange grey,false,7,false,false,2:complementary 3:split-complementary 4:tetradic 5:polychromatic 6:polychromatic 7:polychromatic 8:polychromatic 9:polychromatic 10:polychromatic,0.44,0.56,0.113,vivid,0.694,0.089,0.142,0.042,5.848
Tableau 10,10,blue orange red cyan green lightyellow magenta red orange grey,false,7,false,true,2:complementary 3:split-complementary 4:tetradic 5:polychromatic 6:polychromatic 7:polychromatic 8:polychromatic 9:polychromatic 10:polychromatic,0.67,0.33,0.084,calm,0.689,0.089,0.115,0.039,8.77
Nord,7,blue red green red magenta lightyellow cyan,false,3,false,false,2:analogous 3:triadic 4:triadic 5:tetradic 6:polychromatic 7:polychromatic,0.43,0.57,0.091,muted,0.712,0.087,0.083,0.019,22.899
Catppuccin Macchiato,7,blue red lightgreen orange purple lightyellow lightcyan,true,7,false,false,2:analogous 3:triadic 4:triadic 5:tetradic 6:polychromatic 7:polychromatic,0.43,0.57,0.079,pastel,0.799,0.047,0.104,0.02,35.113
ggsci NPG,8,red cyan cyan blue red blue lightcyan red,false,2,false,false,2:complementary 3:complementary 4:split-complementary 5:split-complementary 6:split-complementary 7:split-complementary 8:split-complementary,0.38,0.62,0.075,calm,0.657,0.11,0.122,0.057,1.839
Wes Zissou1,5,cyan cyan lightyellow yellow red,false,1,false,false,2:monochromatic 3:analogous 4:analogous 5:split-complementary,0.6,0.4,0.074,vivid,0.723,0.088,0.146,0.061,4.43
Wes Darjeeling1,5,red cyan yellow orange cyan,false,4,false,false,2:complementary 3:split-complementary 4:split-complementary 5:split-complementary,0.6,0.4,0.095,vivid,0.706,0.065,0.163,0.056,23.595
Wes Moonrise3,5,lightcyan lightred yellow lightyellow lightyellow,false,3,false,false,2:complementary 3:split-complementary 4:split-complementary 5:split-complementary,0.8,0.2,0.097,pastel,0.803,0.076,0.088,0.018,6.645
Wes Royal1,4,grey red lightyellow orange,true,4,false,false,2:monochromatic 3:monochromatic 4:analogous,1.0,0.0,0.162,calm,0.734,0.166,0.123,0.062,25.092
Wes GrandBudapest2,4,magenta lightblue red blue,false,3,false,false,2:analogous 3:analogous 4:analogous,0.5,0.5,0.07,muted,0.768,0.068,0.08,0.019,15.173
Wes FantasticFox1,5,orange lightyellow cyan orange red,false,3,false,false,2:monochromatic 3:analogous 4:analogous 5:split-complementary,0.8,0.2,0.02,vivid,0.691,0.115,0.156,0.032,3.417
Wes Rushmore1,5,lightyellow lightorange cyan darkpurple red,true,5,false,false,2:monochromatic 3:analogous 4:split-complementary 5:tetradic,0.6,0.4,0.049,calm,0.616,0.196,0.115,0.06,20.626
Wes BottleRocket2,5,lightyellow red darkblue darkgreen grey,true,5,true,false,2:analogous 3:split-complementary 4:tetradic 5:tetradic,0.5,0.5,0.087,dark,0.527,0.22,0.122,0.07,35.013
biosynfoni,8,yellow cyan grey lightorange red grey lightyellow lightred,false,5,false,false,2:analogous 3:analogous 4:analogous 5:split-complementary 6:split-complementary 7:split-complementary 8:split-complementary,0.83,0.17,0.042,pastel,0.81,0.083,0.115,0.05,19.316
seaborn pastel,10,lightblue lightorange lightgreen red lightpurple lightorange lightmagenta grey lightyellow lightcyan,false,5,false,true,2:analogous 3:triadic 4:triadic 5:tetradic 6:polychromatic 7:polychromatic 8:polychromatic 9:polychromatic 10:polychromatic,0.56,0.44,0.054,pastel,0.854,0.055,0.096,0.024,9.965
seaborn bright,10,blue orange green red purple orange magenta grey lightyellow lightcyan,false,5,false,true,2:analogous 3:triadic 4:triadic 5:tetradic 6:tetradic 7:tetradic 8:tetradic 9:polychromatic 10:polychromatic,0.56,0.44,0.147,vivid,0.658,0.125,0.208,0.047,1.683
seaborn dark,10,darkblue orange green darkred darkpurple darkorange magenta grey yellow cyan,false,5,false,true,2:analogous 3:triadic 4:triadic 5:tetradic 6:polychromatic 7:polychromatic 8:polychromatic 9:polychromatic 10:polychromatic,0.56,0.44,0.076,vivid,0.45,0.101,0.137,0.033,9.923
